{
  "scan_time": "2026-06-11T20:32:43.241331",
  "total_scanned": 352,
  "candidates_filtered": 30,
  "duration_seconds": 28.206482410430908,
  "results": []
}