{
  "before": {
    "BTC": {
      "balance": 1.0,
      "cost": 65416.61,
      "equity": 65693.4,
      "pnl": 276.79
    },
    "OKB": {
      "balance": 100.5736,
      "cost": 7534.83,
      "equity": 7529.94,
      "pnl": -4.89
    },
    "ETH": {
      "balance": 1.0,
      "cost": 1717.25,
      "equity": 1782.46,
      "pnl": 65.21
    },
    "WCT": {
      "balance": 4951.2213,
      "cost": 239.51,
      "equity": 232.51,
      "pnl": -7.0
    },
    "ZRO": {
      "balance": 128.9439,
      "cost": 137.96,
      "equity": 146.86,
      "pnl": 8.9
    },
    "OP": {
      "balance": 25196.3315,
      "cost": 2758.65,
      "equity": 2670.81,
      "pnl": -87.84
    },
    "KAITO": {
      "balance": 887.2896,
      "cost": 430.0,
      "equity": 431.48,
      "pnl": 1.48
    }
  },
  "total_cost": 78234.81,
  "total_equity": 78487.45999999999,
  "total_pnl": 252.64999999999998,
  "winners": [
    [
      "BTC",
      276.79
    ],
    [
      "ETH",
      65.21
    ],
    [
      "ZRO",
      8.9
    ],
    [
      "KAITO",
      1.48
    ]
  ],
  "losers": [
    [
      "OKB",
      -4.89
    ],
    [
      "WCT",
      -7.0
    ],
    [
      "OP",
      -87.84
    ]
  ],
  "win_rate": 57.14285714285714
}